LIST PRODUK TOPIKAL,,,,,,,,,,
NO,GOLONGAN,Kode Sidaan Topikal,Sediaan Topikal,KANDUNGAN,UKURAN JUAL,HARGA JUAL,HARGA MODAL,HARGA BELI,UKURAN BELI,
1,STEROID,Cream CP,Forderm Cream,"Clobetasol Propionat 0,05%",10 gr,150.000,30.803,,10 gr,"79,46%"
,,CP Oint,Ikaderm Oint,"Clobetasol Propionat 0,05%",10 gr,150.000,31.080,,10 gr,"79,28%"
,,Cream MO,Dermovel Cream,"Mometasone furoate 0,1%",10 gr,150.000,62.853,,10 gr,"58,10%"
,,MO Oint,Momero Oint,"Mometasone furoate 0,1%",10 gr,150.000,60.939,,10 gr,"59,37%"
,,Cream B,Benoson Cream,"Betamethasone Valerate 0,1%",10 gr,150.000,27.340,,10 gr,"81,77%"
,,Cream D,Dermades Cream,"Desonide 0,05%",10 gr,150.000,19.536,,10 gr,"86,98%"
,,Des Cream,Desoxiron Cream,"Desoximethasone 0,25%",15 gr,150.000,54.113,,10 gr,"63,92%"
,,Des Oint,Inerson Oint,"Desoximethasone 0,25%",15 gr,150.000,90.132,,10 gr,"39,91%"
,,CP Lotion,Kloderma Lotion,"Clobetasol Propionat 0,05%",25 ml,150.000,78.721,,30 ml,"47,52%"
,,,,,,,,,,#DIV/0!
2,ANTIBIOTIK,AB Cream,Bactoderm Cream,Mupirocin Calcium 2%,10 gr,150.000,59.407,,10 gr,"60,40%"
,,AB Oint,Bactoderm Oint,Mupirocin Calcium 2%,10 gr,150.000,50.350,,10 gr,"66,43%"
,,Cream C,Clindion Cream,Clindamycin Phospate 10 mg/gr,10 gr,150.000,28.999,,10 gr,"80,67%"
,,Cream E,Erymed Cream,Erythromycin 2%,10 gr,150.000,34.765,,10 gr,"76,82%"
,,AB 2 Cream,Ikagen Cream,"Gentamycin Sulfate 0,1 %",10 gr,150.000,17.760,,10 gr,"88,16%"
,,AB 2 Oint,Ikagen Oint,"Gentamycin Sulfate 0,1 %",10 gr,150.000,18.470,,10 gr,"87,69%"
,,FD Cream,Fusipar Cream,Fusidic acid 2%,10 gr,150.000,43.512,,10 gr,"70,99%"
,,FD Oint,Fusipar Oint,Sodium Fusidate 2%,10 gr,150.000,44.400,,10 gr,"70,40%"
,,Prodiva Gel,Prodiva Gel,Lactobacillus Ferment,30 gr,305.000,197.640,,30 gr,"35,20%"
,,Cream BP,Burnazin Plus,"HA, Silver Sulfadiazine","12,5 gr",175.000,57.693,115.385,25 gr,"67,03%"
,,Acnedine Cream ,Acnedine Cream,Nadifloxacine,10 gr,150.000,71.040,,10 gr,"52,64%"
3,ANTIPARASIT,Cream Kutu,Scabicore Cream,Permethrin 5%,30 gr,150.000,60.384,,30 gr,"59,74%"
4,ANTIVIRUS,Zoter Cream,Zoter Cream,Aciclovir 5%,5 gr,100.000,57.720,,5 gr,"42,28%"
,,Papilocare ,Papilocare,Tea Tree,5 mL,200.000,64.286,,5 ml,"67,86%"
,,,,Lavender Extrak,,,,,,#DIV/0!
,,,,Chamomile,,,,,,#DIV/0!
,,,,Asam Glikolat,,,,,,#DIV/0!
5,ANTIFUNGI,Cream K,Fungasol Cream,Ketokonazole 2%,10 gr,150.000,26.418,,10 gr,"82,39%"
,,Fungares,Fungares Cream,Miconazole Nitrat 2%,10 gr,150.000,34.799,,10 gr,"76,80%"
,,Termisil cream,Termisil Cream,Terbinafine HCl 1%,10 gr,150.000,44.123,,10 gr,"70,58%"
,,Lotion K,Erazol Lotion,ketokonazole 2%,25 ml,150.000,50.616,,30 ml,"66,26%"
6,TOPIKAL ESTETIK,Cream DP,Dermapro Cream,Astaxanthin,10 gr,150.000,34.704,104.113,30 gr,"76,86%"
,,,,Niacinamide,,,,,,#DIV/0!
,,,,Vit C,,,,,,#DIV/0!
,,,,Vit B5,,,,,,#DIV/0!
,,Effagel gel (AD Gel),Effagel Gel,"Adapalene 0,1%",10 gr,200.000,55.994,,10 gr,"72,00%"
,,Evalen gel (AD Gel),Evalen Gel,"Adapalene 0,1%",10 gr,200.000,36.630,,10 gr,"81,69%"
,,AD Cream,Evalen Cream,"Adapalene 0,1%",10 gr,150.000,39.336,,10 gr,"73,78%"
,,Cream Pagi/AH,Glycore Cream,Glycolic acid 10 %,10 gr,150.000,23.976,,10 gr,"84,02%"
,,Gel N2,Niaclear Gel,Niacinamide 4%,10 gr,150.000,31.635,,10 gr,"78,91%"
,,,,Tranex peptides ,,,,,,#DIV/0!
,,,,Sodium Hyaluronate,,,,,,#DIV/0!
,,Cream H,Equinon Forte,Hydroquinon 5%,10 gr,150.000,26.640,,10 gr,"82,24%"
,,W3,Refaquin Cream,"Hydroquinon 4%, Tretinoin 0,05%, Fluocinolon acetonide 0,01%",10 gr,150.000,49.350,,10 gr,"67,10%"
,,Fut krim,Futkrim,Extract cactus 2%,30 gr,150.000,33.000,66.600,60 gr,"78,00%"
,,,,Urea ,,,,,,#DIV/0!
,,Repair Cream,Cicaplast gel B5,Panthenol 5%,10 gr,150.000,61.247,244.998,40 gr,"59,17%"
,,,,Extract Centella Asiatica,,,,,,#DIV/0!
,,Baume 1,Cicaplast Baume B5 ,Panthenol 5%,10 gr,175.000,47.241,188.966,40 gr,"73,01%"
,,,,Tribioma madecassoside,,,,,,#DIV/0!
,,,,Copper,,,,,,#DIV/0!
,,,,Zinc,,,,,,#DIV/0!
,,,,Manganese,,,,,,#DIV/0!
,,Soothing Baume 2,Soothing Baume 2,Centella Asiatica,10 gr,150.000,48.077,,10 gr,"67,95%"
,,Skin Comforting Cream,Skin Comforting Cream,Ceramide,10 gr,150.000,30.528,,10 gr,"79,65%"
,,,,Panthenol ,,,,,,#DIV/0!
,,,,Shea Butter ,,,,,,#DIV/0!
,,Toner Normal,Toner Chamomile ,Chamomile extract,100 ml,100.000,23.310,,100 ml,"76,69%"
,,,,Aloe vera,,,,,,#DIV/0!
,,,,Witch Hazel Extract,,,,,,#DIV/0!
,,Lotion NO,Ceradan Daily Moisturising Cream ,Ceramide,100 ml,200.000,57.720,288.600,500 gr,"71,14%"
,,,,Cholestrol,,,,,,#DIV/0!
,,,,Free fatty asid,,,,,,#DIV/0!
,,Cream A,Arbu-C Cream,Alpha arbutin,10 gr,150.000,54.779,,10 gr,"63,48%"
,,,,Kojic dipalmitate,,,,,,#DIV/0!
,,,,Vit C,,,,,,#DIV/0!
,,,,Niacinamdie,,,,,,#DIV/0!
,,Lotion AH 15,AH Smoothing Lotion,AHA 15%,100 ml,250.000,61.225,,100 ml,"75,51%"
,,,,"Dimethicone, Phenoxyethanol",,,,,,#DIV/0!
,,Gel N3,Niaderm,Nicotinamide 4%,10 gr,150.000,31.530,,10 gr,"78,98%"
,,Cream UA,Carmed 20%,Urea,30 gr,150.000,36.572,,30 gr,"75,62%"
,,Lotion Rambut M,Proxidil 5% ,Minoxidil 5%,25 ml,150.000,65.559,,30 ml,"56,29%"
,,Remscar Gel,Remscar Gel ,Silicone Gel ,15 gr,300.000,204.079,,15 gr,"31,97%"
,,,,Vegetable squalen,,,,,,#DIV/0!
,,,,Vit E,,,,,,#DIV/0!
,,Cream KP,Cerave Smoothing Cream ,Ceramide,30 gr,175.000,48.801,244.009,177 gr,"72,11%"
,,,,Urea,,,,,,#DIV/0!
,,,,Salicilic acid,,,,,,#DIV/0!
,,,,LHA,,,,,,#DIV/0!
,,Serum Radiant,Serum Radiant,Peptide Formula,20 ml,250.000,58.050,,20 ml,"76,78%"
,,,,Croton Lechleri Resin Extract,,,,,,#DIV/0!
,,Serum Acne,Serum Acne,Green Tea Extract,20 ml,200.000,75.480,,20 ml,"62,26%"
,,,,Glactomyces Ferment Filtrat ,,,,,,#DIV/0!
,,,,Willow Bark Extract,,,,,,#DIV/0!
,,Lotion SPF,Whitening Body Lotion,"Lactic Acid, Morus Alba Root Extract",100 ml,200.000,55.430,,100 ml,"72,29%"
,,KP Body Spray,Alfacid Body Spray,Salisilic acid,100 ml,200.000,52.000,,100 ml,"74,00%"
,,,,Zinc,,,,,,#DIV/0!
,,,,Prebiotik,,,,,,#DIV/0!
,,,,Pomello Extract,,,,,,#DIV/0!
,,Fresh Out Cream (Sweat Cream),Fresh Out Cream (Sweat Cream),Aluminium chlorohydrate,10 gr,150.000,25.752,77.256,30 gr,"82,83%"
,,AD/Cooling Gel,AD Pro Soothing Gel ,Hydroxyphenyl Propamidobenzoic Acid,50 gr,250.000,106.560,,50 gr,"57,38%"
,,,,Mentyl Lactate,,,,,,#DIV/0!
,,,,Ceramide,,,,,,#DIV/0!
,,Moist Gel,AcMist ,Squalene,10 gr,150.000,51.406,205.627,50 gr,"65,73%"
,,,,Vit E,,,,,,#DIV/0!
,,,,Aloe Vera,,,,,,#DIV/0!
,,UV Gel,UV Doux,Zinc Oxide 3%,10 gr,150.000,59.315,237.263,50 gr,"60,46%"
,,,,Titanium Oxide 1%,,,,,,#DIV/0!
,,,,"Etilhexyl methoxycinamate 9,50 %",,,,,,#DIV/0!
,,SB Ungu/Normal,SB Ungu/Normal,Titanium dioxide,10 gr,150.000,31.444,78.612,40 gr,"79,04%"
,,,,Methyl eter dimetil silane,,,,,,#DIV/0!
,,,,Tinoxide,,,,,,#DIV/0!
,,,,Hyaluronic Acid,,,,,,#DIV/0!
,,SB Acne/Hijau,SB Acne/Hijau,Titanium dioxide,10 gr,150.000,31.444,78.612,40 gr,"79,04%"
,,,,Trietil hexanoin,,,,,,#DIV/0!
,,,,TEA,,,,,,#DIV/0!
,,,,Hyaluronic Acid,,,,,,#DIV/0!
,,SB Sensitive/Coklat,SB Sensitive/Coklat,Trietil hexanoin,10 gr,150.000,31.444,78.612,40 gr,"79,04%"
,,,,Zinc Oxide,,,,,,#DIV/0!
,,,,Titanium dioxide,,,,,,#DIV/0!
,,,,Hyaluronic Acid,,,,,,#DIV/0!
,,SB 30A,Daily UV Protection Cream SPF 30,Dibutil adipate,10 gr,150.000,37.413,,10 gr,"75,06%"
,,,,Titanium dioxide,,,,,,#DIV/0!
,,,,Etilhexyl Salisilate,,,,,,#DIV/0!
,,,,Camelia Sinensis leave extract,,,,,,#DIV/0!
,,SB 50,SB 50,"Beta glucan, cation HA, Carnosine",35 gr,200.000,60.300,,35 gr,"69,85%"
,,SPF SENSITIVE ,SPF SENSITIVE UFI,Octyl methoxycinnamate,10 gr,150.000,31.207,,10 gr,"79,20%"
,,Advance Cream,Ceradan Advance Cream,Lactobionic acid,30 gr,200.000,76.368,381.840,150 gr,"61,82%"
,,,,Ceramide,,,,,,#DIV/0!
,,Cream DC,Ceradan Diaper Cream ,Ceramide,30 gr,200.000,54.487,108.974,50 gr,"72,76%"
,,,,zinc oxide,,,,,,#DIV/0!
,,,,octenide,,,,,,#DIV/0!
,,Serum DS 1,Serum DS 1,"Clobetasol Propionate 0,05%",25 ml,150.000,64.669,78.721,30 ml,"56,89%"
,,,,Ketokonazole 2%,,,,50.616,30 ml,#DIV/0!
,,Cream Hydra,Sebium Hydra cream,"Ceramides, Allantoin, Enoxolone",20 gr,250.000,114.000,228.000,40 gr,"54,40%"
,,Lotion Rambut Malam,Lotion Rambut Malam,Proxidil 5%,25 ml,150.000,,,,"100,00%"
,,,,"Skinovit (Tretinoin 0,1%)",,,,,,#DIV/0!
,,Cream PW,Pynocare Cream ,Kojic Acid,10 gr,175.000,62.946,188.228,30 gr,"64,03%"
,,,,N-Butyl Resorcinol,,,,,,#DIV/0!
,,,,Niacinamide,,,,,,#DIV/0!
,,,,Tetrahydrocurcumin,,,,,,#DIV/0!
,,,,Vitamin F,,,,,,#DIV/0!
,,Ecta Cream ,Ecta Cream ,Hesperidin,10 gr,150.000,41.958,,10 gr,"72,03%"
,,,,Glycosaminoglycans,,,,,,#DIV/0!
,,,,Ectoin,,,,,,#DIV/0!
,,,,Sodium Hyaluronate,,,,,,#DIV/0!
,,,,Chrolella Vulgaris Extract,,,,,,#DIV/0!
,,Serum DS 2,Hair Tonic UFI,Pseudoaltermonas Ferment Extract ,100 mL ,175.000,"50,54",,100 mL,"99,97%"
,,,,Climbazole,,,,,,#DIV/0!
,,,,Salicylic Acid,,,,,,#DIV/0!
,,,,Trehalose,,,,,,#DIV/0!
,,,,Inulin,,,,,,#DIV/0!
,,,,Poiroctone Olamine,,,,,,#DIV/0!
7,SABUN & SHAMPO,Gentle Wash,Ceradan Gentle Cleanser ,Ceramide,100 ml,125.000,53.280,159.840,280 ml,"57,38%"
,,,,Cholestrol,,,,,,#DIV/0!
,,,,Fatty Acid,,,,,,#DIV/0!
,,Acne Wash,Tea Tree Face Wash,Salisilic acid,100 ml,100.000,37.800,,100 ml,"62,20%"
,,,,Tea Tree ,,,,,,#DIV/0!
,,Oily Wash,Oily Skin Wash ,Sodium PCA,100 ml,100.000,26.323,,100 ml,"73,68%"
,,,,Salisilic acid,,,,,,#DIV/0!
,,Soft Wash,Hydrating Soft Wash ,Gluconolactone,100 ml,100.000,37.442,,100 ml,"62,56%"
,,,,Betaine,,,,,,#DIV/0!
,,Ad Wash,AD Pro Body Wash ,Cetearyl olivate,100 ml,125.000,71.040,,100 ml,"43,17%"
,,,,Ceramide,,,,,,#DIV/0!
,,,,Sorbitan olivate,,,,,,#DIV/0!
,,KP Wash,Cerave SA Cleanser ,Ceramide,100 ml,175.000,109.979,219.958,236 ml,"37,15%"
,,,,salislic acid,,,,,,#DIV/0!
,,,,hyaluronic acid,,,,,,#DIV/0!
,,Milk Cleanser,Soft & Refreshing Cleanser,Glycerin,100 ml,100.000,25.040,,100 ml,"74,96%"
,,,,Dimethicone,,,,,,#DIV/0!
,,Shampo DS,Shampo DS,"Cocamidopropyl Betaine, Sodium C14-16 Olefin Sulfonate",100 ml,175.000,47.953,,100 ml,"72,60%"
,,Shampo Bio,Shampo Bioxine,Biocomplex B11,300 ml,500.000,155.400,,300 ml,"68,92%"