Type,Name,Request Count,Failure Count,Median Response Time,Average Response Time,Min Response Time,Max Response Time,Average Content Size,Requests/s,Failures/s,50%,66%,75%,80%,90%,95%,98%,99%,99.9%,99.99%,100%
GET,GET /apotek,35,0,9,9.277593571200018,8.061836000706535,11.579305999475764,16091.0,0.2957092552544516,0.0,9,9,10,10,10,11,12,12,12,12,12
GET,GET /apotek/suggested-order,8,0,13,13.115669375110883,12.401672000123654,13.89837300121144,71333.0,0.06759068691530322,0.0,13,13,14,14,14,14,14,14,14,14,14
GET,GET /dashboard,15,0,12,11.905253133105967,10.912544999882812,13.610680998681346,12653.0,0.12673253796619352,0.0,12,12,12,12,13,14,14,14,14,14,14
GET,GET /dashboard (owner),9,0,19,19.03861711091142,17.95716200103925,22.345697001583176,32599.555555555555,0.07603952277971612,0.0,19,19,19,21,22,22,22,22,22,22,22
GET,GET /dokter/antrian,45,0,9,9.086115955546525,7.983805999174365,10.756273999504629,8935.0,0.3801976138985806,0.0,9,9,9,10,10,11,11,11,11,11,11
GET,GET /dokter/antrian/list,45,0,9,8.961808778015742,7.0100590000947705,12.301406999540632,79345.24444444444,0.3801976138985806,0.0,9,9,9,10,10,12,12,12,12,12,12
GET,GET /kasir/antrian,51,0,9,9.073224686289905,7.418698000037693,12.517633000243222,8466.0,0.430890629085058,0.0,9,9,9,9,10,11,11,13,13,13,13
GET,GET /kasir/antrian/list,51,0,7,7.735685921622515,5.846919999385136,22.390846999769565,1624.0,0.430890629085058,0.0,7,7,8,8,10,11,12,22,22,22,22
GET,GET /kunjungan (perawat),34,0,9,9.046767294260944,7.735123001111788,10.42037099978188,10166.0,0.28726041939003866,0.0,9,9,9,10,10,10,10,10,10,10,10
GET,GET /pasien (kasir),13,0,9,9.110826999928507,8.284867000838858,10.59829699988768,10190.0,0.10983486623736773,0.0,9,9,9,9,10,11,11,11,11,11,11
GET,GET /pasien?q=*,8,0,9,9.423045999483293,8.23652999861224,12.465031999454368,10586.0,0.06759068691530322,0.0,9,10,11,11,12,12,12,12,12,12,12
GET,GET /pasien?q=* (dokter),22,0,9,8.826670318574708,7.623636000062106,10.24607500039565,10199.0,0.18587438901708384,0.0,9,9,9,9,10,10,10,10,10,10,10
GET,GET /pendaftaran-pasien,18,0,9,9.34955961100867,5.982356000458822,13.192222999350633,26331.0,0.15207904555943225,0.0,9,10,10,10,11,13,13,13,13,13,13
GET,GET /reports/audit-log,2,0,18.435228001180803,19.76780450058868,18.435228001180803,21.10038099999656,237358.5,0.016897671728825805,0.0,21,21,21,21,21,21,21,21,21,21,21
GET,GET /reports/kinerja-dokter,4,0,11,12.250439499894128,10.879768000449985,13.64630100033537,17818.0,0.03379534345765161,0.0,13,13,14,14,14,14,14,14,14,14,14
GET,GET /reports/omzet,2,0,11.343919000864844,12.595356000929314,11.343919000864844,13.846793000993785,28494.0,0.016897671728825805,0.0,14,14,14,14,14,14,14,14,14,14,14
GET,GET /ruang-tindakan/antrian,71,0,9,9.564951690035613,7.831764000002295,25.83550499912235,8515.0,0.5998673463733161,0.0,9,9,10,10,10,11,24,26,26,26,26
GET,GET /ruang-tindakan/antrian/list,71,0,46,47.53958061985646,37.020802999904845,69.60002599953441,48236.380281690144,0.5998673463733161,0.0,46,49,52,53,56,69,69,70,70,70,70
GET,GET /web/login,15,0,8,13.044301800133931,6.951160001335666,60.06562900074641,3425.0,0.12673253796619352,0.0,8,9,9,11,30,60,60,60,60,60,60
POST,POST /pasien/{id}/buat-antrian,39,0,5,5.521131538327422,4.232768998917891,8.293836999655468,0.0,0.3295045987121032,0.0,5,6,6,6,6,8,8,8,8,8,8
POST,POST /pendaftaran-pasien,18,0,16,16.707952388565495,13.00434699987818,22.24304399896937,0.0,0.15207904555943225,0.0,17,17,17,18,21,22,22,22,22,22,22
POST,POST /web/login,15,0,190,190.69374666663256,187.19217699981527,195.24509299844794,0.0,0.12673253796619352,0.0,190,190,190,190,190,200,200,200,200,200,200
,Aggregated,591,0,9,18.70247112521746,4.232768998917891,195.24509299844794,20387.612521150593,4.993261995868025,0.0,9,10,12,15,43,53,190,190,200,200,200
